Model_Family,Specification,MAE,MSE,RMSE,sMAPE_percent,DTW
ARIMA,M0,19.25,512.25,22.6329,4.0993,33.0
ARIMA,M1,16.3673,453.653,21.2991,3.5107,31.623
ARIMA,M2,23.457,651.0059,25.5148,4.8526,91.9147
ARIMA,M3,51.8624,6858.0932,82.8136,9.444,207.4495
ARIMA,M4,19.6071,434.9465,20.8554,4.1386,78.4285
Prophet,M0,13.9274,291.0395,17.0599,2.9275,37.7362
Prophet,M1,33.8506,1692.6803,41.1422,7.6289,128.4945
Prophet,M2,19.6315,505.8638,22.4914,4.2164,77.951
Prophet,M3,87.7857,15182.6614,123.2179,17.0229,327.0919
Prophet,M4,151.4186,36749.9634,191.7028,29.8107,605.6744
LSTM,M0,24.8968,742.9419,27.257,5.3904,58.1294
LSTM,M1,23.9222,661.982,25.729,5.1465,53.4028
LSTM,M2,23.6406,669.979,25.884,5.0753,53.0885
LSTM,M3,25.7411,749.5947,27.3787,5.5085,69.1252
LSTM,M4,24.1545,687.0084,26.2108,5.1671,59.902
GRU,M0,20.6096,566.1874,23.7947,4.4772,51.8674
GRU,M1,23.0643,634.53,25.1899,4.9376,53.1196
GRU,M2,23.0581,657.0062,25.6321,4.9282,54.292
GRU,M3,23.8922,696.891,26.3987,5.0974,61.2465
GRU,M4,23.2219,671.7799,25.9187,4.955,57.1206
